{"mobility_rate": 2, "alpha": 0.5, "beta": 0.2, "num_bs": 8, "num_ue": 5, "num_files": 3, "key_index_file": ["F1", "F2", "F3"], "key_index_bs": ["MBS1", "MBS2", "SBS1", "SBS2", "SBS3", "SBS4", "SBS5", "SBS6"], "key_index_ue": ["UE1", "UE2", "UE3", "UE4", "UE5"], "size_file": [1350, 1350, 1350], "throughput_min_file": [45, 45, 45], "resources_file": [5, 5, 5], "resources_node": [20, 20, 10, 10, 10, 10, 10, 10], "gama": [[1, 0, 1, 0, 0, 0, 0, 0, 0, 0, 0, 0, 0], [1, 0, 0, 0, 0, 0, 0, 0, 0, 0, 0, 0, 0], [0, 0, 1, 0, 0, 1, 0, 0, 0, 0, 0, 0, 0]], "rtt_min": [[99999, 0.001, 0.0015, 0.0015, 0.0015, 99999, 99999, 99999, 99999, 99999, 99999, 99999, 99999, 99999, 99999, 99999, 99999, 99999, 99999], [0.001, 99999, 99999, 99999, 99999, 0.0015, 0.0015, 0.0015, 99999, 99999, 99999, 99999, 99999, 99999, 99999, 99999, 99999, 99999, 99999], [0.0015, 99999, 99999, 99999, 99999, 99999, 99999, 99999, 99999, 0.0029829333333333337, 0.0031573333333333336, 99999, 99999, 99999, 99999, 99999, 99999, 99999, 99999], [0.0015, 99999, 99999, 99999, 99999, 99999, 99999, 99999, 0.0036890666666666667, 0.002232266666666667, 99999, 99999, 0.0024569333333333333, 99999, 99999, 99999, 99999, 99999, 99999], [0.0015, 99999, 99999, 99999, 99999, 99999, 99999, 99999, 0.0028017333333333334, 0.002074533333333333, 99999, 0.0037188, 99999, 99999, 99999, 99999, 99999, 99999, 99999], [99999, 0.0015, 99999, 99999, 99999, 99999, 99999, 99999, 99999, 0.0036026666666666668, 99999, 99999, 0.002133466666666667, 99999, 99999, 99999, 99999, 99999, 99999], [99999, 0.0015, 99999, 99999, 99999, 99999, 99999, 99999, 0.0024326666666666667, 0.0033882666666666668, 0.0037325333333333337, 99999, 0.0021445333333333333, 99999, 99999, 99999, 99999, 99999, 99999], [99999, 0.0015, 99999, 99999, 99999, 99999, 99999, 99999, 0.0039384, 99999, 99999, 0.003947333333333334, 99999, 99999, 99999, 99999, 99999, 99999, 99999], [99999, 99999, 99999, 99999, 99999, 99999, 99999, 99999, 99999, 99999, 99999, 99999, 99999, 99999, 99999, 99999, 99999, 99999, 99999], [99999, 99999, 99999, 99999, 99999, 99999, 99999, 99999, 99999, 99999, 99999, 99999, 99999, 99999, 99999, 99999, 99999, 99999, 99999], [99999, 99999, 99999, 99999, 99999, 99999, 99999, 99999, 99999, 99999, 99999, 99999, 99999, 99999, 99999, 99999, 99999, 99999, 99999], [99999, 99999, 99999, 99999, 99999, 99999, 99999, 99999, 99999, 99999, 99999, 99999, 99999, 99999, 99999, 99999, 99999, 99999, 99999], [99999, 99999, 99999, 99999, 99999, 99999, 99999, 99999, 99999, 99999, 99999, 99999, 99999, 99999, 99999, 99999, 99999, 99999, 99999], [0, 99999, 0, 99999, 99999, 99999, 99999, 99999, 99999, 99999, 99999, 99999, 99999, 99999, 99999, 99999, 99999, 99999, 99999], [0, 99999, 99999, 99999, 99999, 99999, 99999, 99999, 99999, 99999, 99999, 99999, 99999, 99999, 99999, 99999, 99999, 99999, 99999], [99999, 99999, 0, 99999, 99999, 0, 99999, 99999, 99999, 99999, 99999, 99999, 99999, 99999, 99999, 99999, 99999, 99999, 99999], [99999, 99999, 99999, 99999, 99999, 99999, 99999, 99999, 99999, 99999, 99999, 99999, 99999, 99999, 99999, 99999, 99999, 99999, 99999], [99999, 99999, 99999, 99999, 99999, 99999, 99999, 99999, 99999, 99999, 99999, 99999, 99999, 99999, 99999, 99999, 99999, 99999, 99999], [99999, 99999, 99999, 99999, 99999, 99999, 99999, 99999, 99999, 99999, 99999, 99999, 99999, 99999, 99999, 99999, 99999, 99999, 99999]], "distance_ue": [[301.0, 301.0, 220.16, 126.68, 60.13, 342.59, 32.45, 145.38], [301.0, 301.0, 73.72, 17.42, 5.59, 120.2, 104.12, 157.65], [301.0, 301.0, 86.8, 302.28, 168.11, 185.37, 129.94, 187.25], [301.0, 301.0, 167.13, 170.81, 128.91, 279.71, 211.88, 146.05], [301.0, 301.0, 194.38, 34.27, 302.7, 10.01, 10.84, 168.32]], "distance_bs": [], "e_bs_adj": [[0, 1, 1, 1, 1, 0, 0, 0], [1, 0, 0, 0, 0, 1, 1, 1], [1, 0, 0, 0, 0, 0, 0, 0], [1, 0, 0, 0, 0, 0, 0, 0], [1, 0, 0, 0, 0, 0, 0, 0], [0, 1, 0, 0, 0, 0, 0, 0], [0, 1, 0, 0, 0, 0, 0, 0], [0, 1, 0, 0, 0, 0, 0, 0]], "radius_mbs": 300, "radius_sbs": 150}